CRIM,ZN,INDUS,NOX,RM,AGE,DIS,RAD,TAX,PTRATIO,B,LSTAT,MEDV
-5.064036070823371,2.9444389791664403,2.31,0.538,6.575,65.2,1.4085449700547104,0.0,296,15.3,396.9,4.98,3.1780538303479458
-3.6005023434965233,0.0,7.07,0.469,6.421,78.9,1.602836168799538,0.6931471805599453,242,17.8,396.9,9.14,3.0726933146901194
-3.60123494426189,0.0,7.07,0.469,7.185,61.1,1.602836168799538,0.6931471805599453,242,17.8,392.83,4.03,3.5467396869528134
-3.430523211043984,0.0,2.18,0.458,6.998,45.8,1.802072770503119,1.0986122886681098,222,18.7,394.63,2.94,3.5085558999826545
-2.672924399126836,0.0,2.18,0.458,7.147,54.2,1.802072770503119,1.0986122886681098,222,18.7,396.9,,3.5890591188317256
-3.511570439143526,0.0,2.18,0.458,6.43,58.7,1.802072770503119,1.0986122886681098,222,18.7,394.12,5.21,3.3568971227655755
-2.427128428068646,2.6026896854443837,7.87,0.524,6.012,66.6,1.7156880322767596,1.6094379124341003,311,15.2,395.6,12.43,3.131136910560194
-1.934129810519782,2.6026896854443837,7.87,0.524,6.172,96.1,1.7834752496403574,1.6094379124341003,311,15.2,396.9,19.15,3.299533727885655
-1.5547603511434045,2.6026896854443837,7.87,0.524,5.631,100.0,1.805350031079887,1.6094379124341003,311,15.2,386.63,29.93,2.803360380906535
-1.7717215754915476,2.6026896854443837,7.87,0.524,6.004,85.9,1.8858719623950215,1.6094379124341003,311,15.2,386.71,17.1,2.9391619220655967
-1.492143885211743,2.6026896854443837,7.87,0.524,6.377,94.3,1.8479349927821578,1.6094379124341003,311,15.2,392.52,20.45,2.70805020110221
-2.1415722971463422,2.6026896854443837,7.87,0.524,6.009,82.9,1.8288464974373158,1.6094379124341003,311,15.2,396.9,13.27,2.9391619220655967
-2.3668036653206967,2.6026896854443837,7.87,0.524,5.889,39.0,1.6957807326561167,1.6094379124341003,311,15.2,390.5,15.71,3.077312260546414
-0.46241648455830314,0.0,8.14,0.538,5.949,61.8,1.5491569815491704,1.3862943611198906,307,21.0,396.9,8.26,3.0155349008501706
-0.44947969352758377,0.0,8.14,0.538,6.096,84.5,1.4955746842845248,1.3862943611198906,307,21.0,380.02,10.26,2.9014215940827497
-0.4661869221476103,0.0,8.14,0.538,5.834,56.5,1.5037662372600613,1.3862943611198906,307,21.0,395.62,8.47,2.990719731730447
0.05252603425144661,0.0,8.14,0.538,5.935,29.3,1.5037662372600613,1.3862943611198906,307,21.0,386.85,6.58,3.139832617527748
-0.2430911891239058,0.0,8.14,0.538,5.99,81.7,1.4487760809911847,1.3862943611198906,307,21.0,386.75,14.67,2.8622008809294686
-0.2197617759678016,0.0,8.14,0.538,5.456,36.6,1.3340795896711515,1.3862943611198906,307,21.0,288.99,11.69,3.005682604407159
-0.3204807842031671,0.0,8.14,0.538,5.727,69.5,1.3340795896711515,1.3862943611198906,307,21.0,390.95,11.28,2.9014215940827497
0.22457452697999086,0.0,8.14,0.538,5.57,98.1,1.3344482823962802,1.3862943611198906,307,21.0,376.57,21.02,2.6100697927420065
-0.1601218048980534,0.0,8.14,0.538,5.965,89.2,1.3893646429771087,1.3862943611198906,307,21.0,392.53,13.83,2.975529566236472
0.20902028586767565,0.0,8.14,0.538,6.142,91.7,1.3805026213280807,1.3862943611198906,307,21.0,396.9,18.72,2.7212954278522306
-0.011637453244120754,0.0,8.14,0.538,5.813,100.0,1.4098155561612364,1.3862943611198906,307,21.0,394.54,19.88,2.6741486494265287
-0.2873354658601195,0.0,8.14,0.538,5.924,94.1,1.4815136277008245,1.3862943611198906,307,21.0,394.33,16.3,2.747270914255491
-0.17371073654605956,0.0,8.14,0.538,5.599,85.7,1.4939372701352471,1.3862943611198906,307,21.0,303.42,16.51,2.631888840136646
-0.397630875999648,0.0,8.14,0.538,5.813,90.3,1.5437253690687192,1.3862943611198906,307,21.0,376.88,14.81,2.8094026953624978
-0.04523798065019433,0.0,8.14,0.538,6.047,88.8,1.49366784938822,1.3862943611198906,307,21.0,306.38,17.28,2.6946271807700692
-0.2574891670890018,0.0,8.14,0.538,6.495,94.4,1.4939597185879885,1.3862943611198906,307,21.0,387.94,12.8,2.91235066461494
0.002447003643051847,0.0,8.14,0.538,6.674,87.3,1.4443273923705,1.3862943611198906,307,21.0,380.23,11.98,3.044522437723423
0.12293419009497764,0.0,8.14,0.538,5.713,94.1,1.4429109615387865,1.3862943611198906,307,21.0,360.17,22.6,2.5416019934645457
0.30359479091182995,0.0,8.14,0.538,6.072,100.0,1.4291143583028187,1.3862943611198906,307,21.0,376.73,13.04,2.6741486494265287
0.3278566574477085,0.0,8.14,0.538,5.95,82.0,1.3837912309017721,1.3862943611198906,307,21.0,232.6,27.71,2.580216829592325
0.14125647717535533,0.0,8.14,0.538,5.701,95.0,1.3316269597775825,1.3862943611198906,307,21.0,358.77,18.35,2.5726122302071057
0.477984199611674,0.0,8.14,0.538,6.096,96.9,1.324365764497724,1.3862943611198906,307,21.0,248.31,20.34,2.6026896854443837
-2.746219467219713,0.0,5.96,0.499,5.933,68.2,1.2120302557036664,1.6094379124341003,279,19.2,396.9,,2.9391619220655967
-2.3285184750205503,0.0,,0.499,5.841,61.4,1.2172542146318501,1.6094379124341003,279,19.2,377.56,11.41,2.995732273553991
-2.5239801737741385,0.0,5.96,0.499,5.85,41.5,1.3697075575154918,1.6094379124341003,279,19.2,396.9,8.77,3.044522437723423
-1.7426836315814622,0.0,5.96,0.499,5.966,30.2,1.3473716035734287,1.6094379124341003,279,19.2,393.43,10.13,3.2068032436339315
-3.5888531400468118,4.330733340286331,2.95,0.428,6.595,21.8,1.68660263652915,1.0986122886681098,252,18.3,395.63,4.32,3.427514689979529
-3.3935268753579355,4.330733340286331,2.95,0.428,7.024,15.8,1.68660263652915,1.0986122886681098,252,18.3,395.62,1.98,3.5524868292083815
-2.060109613380344,0.0,6.91,0.448,6.77,2.9,1.7441261356719917,1.0986122886681098,233,17.9,385.41,4.84,3.2809112157876537
-1.9554555618988447,0.0,6.91,0.448,6.169,6.6,1.7441261356719917,1.0986122886681098,233,17.9,383.37,5.81,3.2308043957334744
-1.8365894851458489,0.0,6.91,0.448,6.211,6.5,1.7441261356719917,1.0986122886681098,233,17.9,394.46,7.44,3.2068032436339315
-2.098094430179046,0.0,6.91,0.448,6.069,40.0,1.7441261356719917,1.0986122886681098,233,17.9,389.39,9.55,3.054001181677967
-1.7636385935114005,0.0,6.91,0.448,5.682,33.8,1.6293189680272497,1.0986122886681098,233,17.9,396.9,10.21,2.9601050959108397
-1.6694002536067831,0.0,6.91,0.448,5.786,33.3,1.6293189680272497,1.0986122886681098,233,17.9,396.9,14.15,2.995732273553991
-1.4728549306475662,0.0,,0.448,6.03,85.5,1.7386047944235348,1.0986122886681098,233,17.9,392.74,18.8,2.8094026953624978
-1.3709329540071915,0.0,6.91,0.448,5.399,95.3,1.7698546338400052,1.0986122886681098,233,17.9,396.9,30.81,2.667228206581955
-1.5151737340440177,0.0,6.91,0.448,5.602,62.0,1.806270342078466,1.0986122886681098,233,17.9,396.9,16.2,2.9652730660692823
-2.4221572281348904,3.091042453358316,5.64,0.439,5.963,45.7,1.9190820436366434,1.3862943611198906,243,16.8,395.56,13.45,2.9806186357439426
-3.137987321134862,3.091042453358316,,0.439,6.115,63.0,1.9190820436366434,1.3862943611198906,243,16.8,393.97,9.43,3.0204248861443626
-2.926206210905381,3.091042453358316,5.64,0.439,6.511,21.1,1.9190820436366434,1.3862943611198906,243,16.8,396.9,5.28,3.2188758248682006
,3.091042453358316,5.64,0.439,5.998,21.4,1.9190820436366434,1.3862943611198906,243,16.8,396.9,8.43,3.152736022363656
-4.29768548624013,4.330733340286331,4.0,0.41,5.888,47.6,1.990569343526812,1.0986122886681098,469,21.1,396.9,14.8,2.9391619220655967
-4.334379981206529,4.51085950651685,1.22,0.403,7.249,21.9,2.162932144678819,1.6094379124341003,226,17.9,395.93,4.81,3.5667118201397288
-3.8848943380398935,4.454347296253507,0.74,0.41,6.383,35.7,2.2178547488334623,0.6931471805599453,313,17.3,396.9,5.77,3.2068032436339315
-4.2460981174496375,4.61512051684126,1.32,0.411,6.816,40.5,2.119239011553902,1.6094379124341003,256,15.1,392.9,3.95,3.4531571205928664
-1.8678848596175464,3.258096538021482,5.13,0.453,6.145,29.2,2.0560193717353434,2.0794415416798357,284,19.7,390.68,6.86,3.1484533605716547
-2.27031153244375,3.258096538021482,5.13,0.453,5.927,47.2,1.9361483718533596,2.0794415416798357,284,19.7,396.9,9.22,2.975529566236472
-1.901663624935754,3.258096538021482,5.13,0.453,5.741,66.2,1.977602595787803,2.0794415416798357,284,19.7,395.11,13.15,2.928523523860541
-1.7619482716564259,3.258096538021482,5.13,0.453,5.966,93.4,1.9196395063157516,2.0794415416798357,284,19.7,378.08,14.44,2.772588722239781
-2.20482337521155,3.258096538021482,5.13,0.453,6.456,67.8,1.9776164357562482,2.0794415416798357,284,19.7,396.9,6.73,3.100092288878234
-2.0675129708145623,3.258096538021482,5.13,0.453,6.762,43.4,2.077051187057198,2.0794415416798357,284,19.7,395.58,9.5,3.2188758248682006
-3.9368281243471173,2.917770732084279,1.38,0.4161,7.104,59.5,2.221689521735732,1.0986122886681098,216,18.6,393.24,8.05,3.4965075614664802
-3.3286906908754075,4.394449154672439,3.37,0.398,6.29,17.8,1.8888105570147407,1.3862943611198906,337,16.1,396.9,4.67,3.1570004211501135
-3.12834979816883,4.394449154672439,3.37,0.398,5.787,31.1,1.8888105570147407,1.3862943611198906,337,16.1,396.9,10.24,2.9652730660692823
-2.849210620891224,2.6026896854443837,6.07,0.409,5.878,21.4,1.8714944372469087,1.3862943611198906,345,18.9,396.21,8.1,3.091042453358316
-1.9984884792741702,2.6026896854443837,6.07,0.409,5.594,36.8,1.8714944372469087,1.3862943611198906,345,18.9,396.9,13.09,2.856470206220483
-2.054475795662088,2.6026896854443837,6.07,0.409,5.885,33.0,1.8714944372469087,1.3862943611198906,345,18.9,396.9,8.79,3.039749158970765
-2.4274682751407357,0.0,10.81,0.413,6.417,6.6,1.665307718597909,1.3862943611198906,305,19.2,383.73,6.72,3.186352633162641
-1.8403616510672725,0.0,10.81,0.413,5.961,17.5,1.665307718597909,1.3862943611198906,305,19.2,376.94,9.88,3.077312260546414
-2.389887421396842,0.0,10.81,0.413,6.065,7.8,1.665307718597909,1.3862943611198906,305,19.2,390.91,5.52,3.126760535960395
-1.632757717755717,0.0,10.81,0.413,6.245,6.2,1.665307718597909,1.3862943611198906,305,19.2,377.17,,3.152736022363656
-2.538813883856911,0.0,12.83,0.437,6.273,,1.4472718618437102,1.6094379124341003,398,18.7,394.92,6.78,3.1822118404966093
-2.3526160265996108,0.0,12.83,0.437,6.286,45.0,1.5046550077047365,1.6094379124341003,398,18.7,383.23,8.94,3.0633909220278057
-2.2874009576690058,0.0,12.83,0.437,6.279,74.5,1.3992599435099138,1.6094379124341003,398,18.7,373.66,11.97,2.995732273553991
-2.441042886141613,0.0,12.83,0.437,6.14,45.8,1.4086672119716157,1.6094379124341003,398,18.7,386.96,10.27,3.0349529867072724
-2.8742228561567935,0.0,12.83,0.437,6.232,53.7,1.6122539436935819,1.6094379124341003,398,18.7,386.4,12.34,3.054001181677967
-2.478487297985817,0.0,12.83,0.437,5.874,36.6,1.5046550077047365,1.6094379124341003,398,18.7,396.06,,3.0106208860477417
-3.1910174967398044,3.258096538021482,4.86,0.426,6.727,33.5,1.6865285747986638,1.3862943611198906,281,19.0,396.9,5.29,3.332204510175204
-3.1095730899777507,3.258096538021482,4.86,0.426,6.619,70.4,1.6865285747986638,1.3862943611198906,281,19.0,395.63,7.22,3.173878458937465
-3.3079802999510215,3.258096538021482,4.86,0.426,6.302,32.2,1.6865285747986638,1.3862943611198906,281,19.0,396.9,6.72,3.2108436531709366
-3.3379409320271405,3.258096538021482,4.86,0.426,6.167,46.7,1.6865285747986638,1.3862943611198906,281,19.0,390.64,7.51,3.131136910560194
-2.9840013506782923,0.0,4.49,0.449,6.389,48.0,1.5643150156121397,1.0986122886681098,247,18.5,396.9,9.62,3.173878458937465
-2.8585824354067575,0.0,4.49,0.449,6.63,56.1,1.4901362242084286,1.0986122886681098,247,18.5,392.3,6.53,3.2809112157876537
-2.958821919533894,0.0,4.49,0.449,6.015,45.1,1.4877673300505243,1.0986122886681098,247,18.5,395.99,12.86,3.1135153092103742
-2.6379179789218323,0.0,4.49,0.449,6.121,56.8,1.321115635094896,1.0986122886681098,247,18.5,395.15,,3.100092288878234
-2.871746293773,0.0,3.41,0.489,7.007,86.3,1.2301375035965438,0.6931471805599453,270,17.8,396.9,5.5,3.1612467120315646
-2.9370860781212578,0.0,3.41,0.489,7.079,63.1,1.2280310694190069,0.6931471805599453,270,17.8,396.06,5.7,3.3568971227655755
-3.0610177402526206,0.0,3.41,0.489,6.417,66.1,1.1289151505981556,0.6931471805599453,270,17.8,392.18,8.81,3.1179499062782403
-3.2360219837031714,0.0,3.41,0.489,6.405,73.9,1.1288504717287196,0.6931471805599453,270,17.8,393.55,8.2,3.091042453358316
-3.1693716299651116,,15.04,0.464,6.442,53.6,1.2990738713586183,1.3862943611198906,270,18.2,395.01,8.16,3.131136910560194
-3.5491175117387774,3.367295829986474,15.04,0.464,6.211,28.9,1.2990738713586183,1.3862943611198906,270,18.2,396.33,6.21,3.2188758248682006
-3.147951486531502,3.367295829986474,15.04,0.464,6.249,77.3,1.285091855610728,1.3862943611198906,270,18.2,396.9,10.59,3.0252910757955354
-2.1034064191336683,0.0,2.89,0.445,6.625,57.8,1.251390598655089,0.6931471805599453,276,18.0,357.98,6.65,3.3463891451671604
-2.1624753850094005,0.0,2.89,0.445,6.163,69.6,1.251390598655089,0.6931471805599453,276,18.0,391.83,11.34,3.0633909220278057
-2.1133706799429204,0.0,2.89,0.445,8.069,76.0,1.251390598655089,0.6931471805599453,276,18.0,396.9,4.21,3.655839600035736
-2.5026226555937803,0.0,2.89,0.445,7.82,36.9,1.251390598655089,0.6931471805599453,276,18.0,393.53,3.57,3.7796338173824005
-2.6794627442502974,0.0,2.89,0.445,7.416,62.5,1.251390598655089,0.6931471805599453,276,18.0,396.9,6.19,3.502549875922443
-1.9060934596849897,0.0,8.56,0.52,6.727,79.9,1.0216592474999815,1.6094379124341003,384,20.9,394.76,9.42,3.3141860046725258
-2.168753745360525,0.0,8.56,0.52,6.781,71.3,1.0494570578699642,1.6094379124341003,384,20.9,395.58,7.67,3.2771447329921766
-1.4750818599350217,0.0,8.56,0.52,6.405,85.4,0.9986814500430602,1.6094379124341003,384,20.9,70.8,10.63,2.9231615807191558
-1.5530103211354571,0.0,8.56,0.52,6.137,,0.9986814500430602,1.6094379124341003,384,20.9,394.47,13.44,2.9601050959108397
-1.968974088653865,0.0,8.56,0.52,6.167,90.0,0.8841806779559214,1.6094379124341003,384,20.9,392.69,12.33,3.0007198150650303
-2.0202673830414155,0.0,8.56,0.52,5.851,96.7,0.7452176728509474,1.6094379124341003,384,20.9,394.05,16.47,2.970414465569701
-1.7649228152744953,0.0,8.56,0.52,5.836,91.9,0.7934449018753091,1.6094379124341003,384,20.9,395.67,18.66,2.970414465569701
-2.0312610871550825,0.0,8.56,0.52,6.127,85.2,0.7525475238413928,1.6094379124341003,384,20.9,387.69,14.09,3.0155349008501706
-2.0555687772682796,0.0,8.56,0.52,6.474,97.1,0.8890839614359387,1.6094379124341003,384,20.9,395.24,12.27,2.9856819377004897
-1.3332086740283013,0.0,8.56,0.52,6.229,91.2,0.9341699419613918,1.6094379124341003,384,20.9,391.23,15.55,2.9652730660692823
-2.2262724101448823,0.0,8.56,0.52,6.195,54.4,1.0216592474999815,1.6094379124341003,384,20.9,393.49,13.0,3.077312260546414
-2.294220176662418,0.0,10.01,0.547,6.715,81.6,0.9848835233397668,1.791759469228055,432,17.8,395.59,10.16,3.126760535960395
-2.0932159751016757,0.0,10.01,0.547,5.913,92.9,0.8558610910476916,1.791759469228055,432,17.8,394.95,16.21,2.9338568698359038
-1.5045375026087306,0.0,10.01,0.547,6.092,95.4,0.935308737709917,1.791759469228055,432,17.8,396.9,17.09,2.928523523860541
-1.9497475022865685,0.0,10.01,0.547,6.254,84.2,0.8138149402849189,1.791759469228055,432,17.8,388.74,10.45,2.917770732084279
,0.0,10.01,0.547,5.928,88.2,0.9014207192074265,1.791759469228055,432,17.8,344.91,15.76,2.9069010598473755
-2.028140247324285,0.0,10.01,0.547,6.176,72.5,1.0043382385626352,1.791759469228055,432,17.8,393.3,,3.054001181677967
-1.8906079012706583,0.0,10.01,0.547,6.021,82.6,1.0106550099089677,1.791759469228055,432,17.8,394.51,10.3,2.954910279033736
-2.0357692132236496,,10.01,0.547,5.872,73.1,0.907249987222006,1.791759469228055,432,17.8,338.63,15.37,3.0155349008501706
-1.9326780802865953,0.0,10.01,0.547,5.731,65.2,1.0149407826404941,1.791759469228055,432,17.8,391.5,13.61,2.9601050959108397
-2.67379371242412,0.0,25.65,0.581,5.87,69.7,0.8143465959617898,0.6931471805599453,188,19.1,389.15,14.37,3.091042453358316
-2.635962124707956,0.0,25.65,0.581,6.004,84.1,0.7872748432846436,0.6931471805599453,188,19.1,377.67,14.27,3.0106208860477417
-2.3752633184920313,0.0,25.65,0.581,5.961,92.9,0.7356797112786478,0.6931471805599453,188,19.1,378.09,17.93,3.0204248861443626
-1.8945898550322562,0.0,,0.581,5.856,97.0,0.6649534461891633,0.6931471805599453,188,19.1,370.31,25.41,2.8507065015037334
-2.317800258800526,0.0,25.65,0.581,5.879,95.8,0.6962922297040182,0.6931471805599453,188,19.1,379.38,17.58,2.9338568698359038
-1.7777382278658007,0.0,25.65,0.581,5.986,88.4,0.6895908643571681,0.6931471805599453,188,19.1,385.02,14.81,3.0633909220278057
-0.9484266019042255,0.0,25.65,0.581,5.613,,0.5637216331194875,0.6931471805599453,188,19.1,359.29,27.26,2.7536607123542622
-1.3503482343464215,0.0,21.89,0.624,5.693,96.0,0.5812654479118535,1.3862943611198906,437,21.2,392.11,17.19,2.785011242238338
-1.1226078942243305,0.0,21.89,0.624,6.431,98.8,0.5947071077466928,1.3862943611198906,437,21.2,396.9,15.39,2.8903717578961645
-0.12641392485565867,0.0,21.89,0.624,5.637,94.7,0.6830463383805158,1.3862943611198906,437,21.2,396.9,18.34,2.6602595372658615
-1.0786332063527975,0.0,21.89,0.624,6.458,98.9,0.7507082910844769,1.3862943611198906,437,21.2,395.04,12.6,2.954910279033736
0.17642084847298606,0.0,21.89,0.624,6.326,97.7,0.8202202631234213,1.3862943611198906,437,21.2,396.9,12.26,2.975529566236472
-0.5275479999103794,0.0,21.89,0.624,6.372,97.9,0.8447517646918394,1.3862943611198906,437,21.2,385.76,11.12,3.1354942159291497
-1.109208227881513,,,0.624,5.822,95.4,0.9041776639903529,1.3862943611198906,437,21.2,388.69,15.03,2.91235066461494
-0.024118527408807797,0.0,21.89,0.624,5.757,98.4,0.8527117502312838,1.3862943611198906,437,21.2,262.76,17.31,2.747270914255491
-0.5837906595767728,0.0,21.89,0.624,6.335,98.2,0.747019646024435,1.3862943611198906,437,21.2,394.67,16.96,2.89591193827178
-1.1312181284170244,0.0,21.89,0.624,5.942,93.5,0.6764586992737099,1.3862943611198906,437,21.2,378.25,16.9,2.856470206220483
-1.0431870425627,0.0,21.89,0.624,6.454,98.4,0.6150775251380227,1.3862943611198906,437,21.2,394.08,14.59,2.8390784635086144
-1.3870946812906597,0.0,21.89,0.624,5.857,,0.5119849514858371,1.3862943611198906,437,21.2,392.04,21.32,2.5877640352277083
-0.6078506063378647,0.0,21.89,0.624,6.151,97.9,0.5120448801707201,1.3862943611198906,437,21.2,396.9,18.46,2.8791984572980396
-1.2347757134809811,0.0,21.89,0.624,6.174,93.6,0.4774136074207485,1.3862943611198906,437,21.2,388.08,24.16,2.6390573296152584
0.4877453107218927,0.0,21.89,0.624,5.019,100.0,0.36422636009156684,1.3862943611198906,437,21.2,396.9,34.41,2.667228206581955
1.200280997987386,0.0,19.58,0.871,5.403,100.0,0.27884312378457665,1.6094379124341003,403,14.7,396.9,26.82,2.5952547069568657
1.4103526262129615,0.0,19.58,0.871,5.468,100.0,0.3448654859792347,1.6094379124341003,403,14.7,396.9,26.42,2.747270914255491
1.0223573981489371,0.0,19.58,0.871,4.903,97.8,0.297062934257533,1.6094379124341003,403,14.7,396.9,29.29,2.468099531471619
0.8668231383012291,0.0,19.58,0.871,6.13,100.0,0.3500228678583548,1.6094379124341003,403,14.7,172.91,27.8,2.624668592163159
0.7678139251427007,,19.58,0.871,5.628,100.0,0.41647098728469806,1.6094379124341003,403,14.7,169.27,16.65,2.747270914255491
0.8623075070760768,0.0,,0.871,4.926,95.7,0.37898423085856703,1.6094379124341003,403,14.7,391.71,29.53,2.681021528714291
0.8462930700401279,0.0,,0.871,5.186,93.8,0.42500626331499985,1.6094379124341003,403,14.7,356.99,28.32,2.8791984572980396
1.0057547653081238,0.0,19.58,0.871,5.597,94.9,0.42245332113701944,1.6094379124341003,403,14.7,351.85,21.45,2.7343675094195836
0.5047673091820267,0.0,19.58,0.871,6.122,,0.48119081863630003,1.6094379124341003,403,14.7,372.8,14.1,3.068052935133617
0.4030087604214572,0.0,19.58,0.871,5.404,100.0,0.46473979957063644,1.6094379124341003,403,14.7,341.6,13.28,2.975529566236472
0.11918649479116296,0.0,19.58,0.871,5.012,88.0,0.4763583948837434,1.6094379124341003,403,14.7,343.28,12.12,2.72785282839839
0.7650863740410299,0.0,19.58,0.871,5.709,98.5,0.4843995095294679,1.6094379124341003,403,14.7,261.95,15.79,2.9652730660692823
0.3463164798105087,0.0,19.58,0.871,6.129,96.0,0.5592728720036175,1.6094379124341003,403,14.7,321.02,15.12,2.833213344056216
1.262716128198849,0.0,19.58,0.871,6.152,,0.5570410475629537,1.6094379124341003,403,14.7,88.01,15.02,2.747270914255491
0.8947320035347462,0.0,19.58,0.871,5.272,94.0,0.5518140044433014,1.6094379124341003,403,14.7,88.63,16.14,2.5726122302071057
0.2017809879501736,,19.58,0.605,6.943,97.4,0.6298345743481794,1.6094379124341003,403,14.7,363.43,4.59,3.720862499966987
0.2947867741817126,0.0,19.58,0.605,6.066,100.0,0.5637785402186635,1.6094379124341003,403,14.7,353.89,6.43,3.190476350346503
0.3541858487098422,0.0,19.58,0.871,6.51,100.0,0.5686604754369415,1.6094379124341003,403,14.7,364.31,7.39,3.1484533605716547
0.24173760544271178,0.0,19.58,0.605,6.25,92.6,0.5868973807172349,1.6094379124341003,403,14.7,338.92,5.5,3.295836866004329
0.3807351614875533,0.0,19.58,0.605,7.489,90.8,0.6784902912163117,1.6094379124341003,403,14.7,374.43,1.73,3.912023005428146
0.6063739570277114,0.0,19.58,0.605,7.802,98.2,0.7132928862529031,1.6094379124341003,403,14.7,389.61,1.92,3.912023005428146
0.4180653900839028,0.0,19.58,0.605,8.375,,0.7710337192170165,1.6094379124341003,403,14.7,388.45,3.32,3.912023005428146
0.8075288826786605,0.0,19.58,0.605,5.854,91.8,0.8845936451309006,1.6094379124341003,403,14.7,395.11,11.64,3.122364924487357
1.072952541887532,0.0,19.58,0.605,6.101,93.0,0.8256655602600897,1.6094379124341003,403,14.7,240.16,9.81,3.2188758248682006
0.6982292449667389,0.0,19.58,0.605,7.929,96.2,0.7158377904796438,1.6094379124341003,403,14.7,369.3,3.7,3.912023005428146
0.5879422083601638,,19.58,0.605,5.877,79.2,0.8862025895568697,1.6094379124341003,403,14.7,227.61,12.14,3.169685580677429
0.833083020857462,0.0,19.58,0.605,6.319,96.1,0.7419373447293773,1.6094379124341003,403,14.7,297.09,11.1,3.169685580677429
0.8958961694189218,0.0,19.58,0.605,6.402,95.2,0.8164703965919442,1.6094379124341003,403,14.7,330.04,11.32,3.104586678466073
0.18848585176179927,0.0,19.58,0.605,5.875,94.6,0.8862025895568697,1.6094379124341003,403,14.7,292.29,14.43,2.856470206220483
0.838934412625926,0.0,19.58,0.605,5.88,97.3,0.870749284903777,1.6094379124341003,403,14.7,348.13,12.03,2.9496883350525844
-1.9722746584866417,0.0,4.05,0.51,5.572,88.5,0.9540103189011692,1.6094379124341003,296,16.6,396.9,14.69,3.139832617527748
-2.3883608700154495,0.0,,0.51,6.416,,0.9731624379506939,1.6094379124341003,296,16.6,395.5,9.04,3.1612467120315646
-2.4713588372427315,0.0,4.05,0.51,5.859,68.7,0.9939552292306324,1.6094379124341003,296,16.6,393.23,9.64,3.1179499062782403
-2.70845028112355,0.0,4.05,0.51,6.546,33.1,1.1417675589820373,1.6094379124341003,296,16.6,390.96,5.33,3.380994674344636
-2.656122108241851,0.0,4.05,0.51,6.02,47.2,1.2683269334643472,1.6094379124341003,296,16.6,393.23,10.11,3.1441522786722644
-2.9141522865615683,0.0,,0.51,6.315,73.4,1.1992114872242254,1.6094379124341003,296,16.6,395.6,6.29,3.202746442938317
-2.7117570630335366,0.0,4.05,0.51,6.86,74.4,1.0699727304589448,1.6094379124341003,296,16.6,391.27,6.92,3.3978584803966405
-2.8507665033038054,0.0,2.46,0.488,6.98,58.4,1.0399232923194301,1.0986122886681098,193,17.8,396.9,5.04,3.616308761279101
-2.719920373672698,0.0,2.46,0.488,7.765,83.3,1.0083228173206489,1.0986122886681098,193,17.8,395.56,7.56,3.6838669122903918
-2.675389418862662,0.0,2.46,0.488,6.144,62.2,0.9547034263605685,1.0986122886681098,193,17.8,396.9,9.45,3.5890591188317256
-2.3965661564649396,0.0,2.46,0.488,7.155,92.2,0.993473970544805,1.0986122886681098,193,17.8,394.12,4.82,3.634951112088381
,0.0,2.46,0.488,6.563,95.6,1.0462658082959004,1.0986122886681098,193,17.8,396.9,5.68,3.481240089335692
-2.4879512799742254,0.0,2.46,0.488,5.604,89.8,1.0945707995083895,1.0986122886681098,193,17.8,391.0,13.98,3.2733640101522705
-2.8056079046970153,0.0,2.46,0.488,6.153,68.8,1.187751954798385,1.0986122886681098,193,17.8,387.11,13.15,3.3877743613300146
-2.882046509150175,,2.46,0.488,7.831,53.6,1.1629007785504715,1.0986122886681098,193,17.8,392.63,4.45,3.912023005428146
-2.5414770012763945,3.828641396489095,3.44,0.437,6.782,41.1,1.3319965577120414,1.6094379124341003,398,15.2,393.87,6.68,3.4657359027997265
-2.073141429131356,3.828641396489095,3.44,0.437,6.556,29.1,1.518790843409403,1.6094379124341003,398,15.2,382.84,4.56,3.3945083935113587
-2.4805163014867073,3.828641396489095,3.44,0.437,7.185,38.9,1.518790843409403,1.6094379124341003,398,15.2,396.9,5.39,3.5524868292083815
-2.400418453342809,3.828641396489095,3.44,0.437,6.951,21.5,1.8686896456903432,1.6094379124341003,398,15.2,377.68,5.1,3.6109179126442243
,3.828641396489095,3.44,0.437,6.739,30.8,1.8686896456903432,1.6094379124341003,398,15.2,389.71,4.69,3.417726683613366
,3.828641396489095,3.44,0.437,7.178,26.3,1.8686896456903432,1.6094379124341003,398,15.2,390.49,2.87,3.594568774642695
-3.8226394442934604,4.110873864173311,2.93,0.401,6.8,,1.827705596001524,0.0,265,15.6,393.37,5.03,3.4372078191851885
-4.241221758082861,4.110873864173311,2.93,0.401,6.604,18.8,1.827705596001524,0.0,265,15.6,376.7,4.38,3.370738174177447
-4.282362311560936,4.394449154672439,0.46,0.422,7.875,32.0,1.7313723192129598,1.3862943611198906,255,14.4,394.23,2.97,3.912023005428146
,4.394449154672439,1.52,0.404,7.287,34.1,1.9891064654982547,0.6931471805599453,329,12.6,396.9,4.08,3.505557396986398
-3.064868012388853,4.394449154672439,1.52,0.404,7.107,36.6,1.9891064654982547,0.6931471805599453,329,12.6,354.31,8.61,3.4111477125153233
-3.2786258292739747,4.394449154672439,1.52,0.404,7.274,38.3,1.9891064654982547,0.6931471805599453,329,12.6,392.2,6.62,3.543853682063679
-3.4577677331505496,4.564348191467836,1.47,0.403,6.975,15.3,2.035149993546711,1.0986122886681098,402,17.0,396.9,4.56,3.5524868292083815
-4.029681048896379,4.564348191467836,1.47,0.403,7.135,13.9,2.035149993546711,1.0986122886681098,402,17.0,384.3,4.45,3.493472657771326
-3.3682462815224694,4.42484663185681,2.03,0.415,6.162,38.4,1.8357763546448294,0.6931471805599453,348,14.7,393.77,7.43,3.1822118404966093
-3.827222403735681,4.42484663185681,2.03,0.415,7.61,15.7,1.8357763546448294,0.6931471805599453,348,14.7,395.38,3.11,3.744787086052232
-3.349554148510317,4.564348191467836,2.68,0.4161,7.853,33.2,1.6327637377375972,1.3862943611198906,224,14.7,392.78,3.81,3.8815637979434374
-3.907533100155294,4.564348191467836,2.68,0.4161,8.034,31.9,1.6327637377375972,1.3862943611198906,224,14.7,390.55,2.88,3.912023005428146
-1.9920169167555637,,10.59,0.489,5.891,22.3,1.3725503433276314,1.3862943611198906,277,18.6,396.9,10.87,3.1179499062782403
-1.471024705280474,0.0,10.59,0.489,6.326,52.5,1.4713016479283183,1.3862943611198906,277,18.6,394.87,10.97,3.1945831322991562
-1.3783658747977692,0.0,10.59,0.489,5.783,72.7,1.4713016479283183,1.3862943611198906,277,18.6,389.43,,3.1135153092103742
-1.996056732745905,0.0,10.59,0.489,6.064,59.1,1.4443745721964154,1.3862943611198906,277,18.6,381.32,14.66,3.1945831322991562
-0.8307783945499413,0.0,10.59,0.489,5.344,100.0,1.3545456628053103,1.3862943611198906,277,18.6,396.9,23.09,2.995732273553991
-1.7460597899770645,,10.59,0.489,5.96,92.1,1.3550874514951798,1.3862943611198906,277,18.6,393.25,17.27,3.077312260546414
-0.9787514132167605,0.0,10.59,0.489,5.404,88.6,1.2988283353386147,1.3862943611198906,277,18.6,395.24,23.98,2.9601050959108397
-1.5269827324979075,0.0,10.59,0.489,5.807,53.8,1.2954392427758044,1.3862943611198906,277,18.6,390.94,16.03,3.109060958860994
-1.9624054515845106,0.0,10.59,0.489,6.375,32.3,1.3725503433276314,1.3862943611198906,277,18.6,385.81,9.38,3.3357695763397
-1.2394272853103383,0.0,10.59,0.489,5.412,9.8,1.2774555810857395,1.3862943611198906,277,18.6,348.93,29.55,3.1654750481410856
-1.6193872432877685,0.0,10.59,0.489,6.182,,1.3725503433276314,1.3862943611198906,277,18.6,393.63,9.47,3.2188758248682006
-3.0878475624617967,0.0,13.89,0.55,5.888,56.0,1.1352977394759622,1.6094379124341003,276,16.4,392.8,13.51,3.1484533605716547
-2.657404616433318,0.0,13.89,0.55,6.642,85.1,1.2299621367871858,1.6094379124341003,276,16.4,392.78,9.69,3.3568971227655755
-2.2010217775846046,0.0,13.89,0.55,5.951,93.8,1.0610142582527913,1.6094379124341003,276,16.4,396.9,17.92,3.068052935133617
-2.169366249207823,0.0,,0.55,6.373,92.4,1.2129226348455207,1.6094379124341003,276,16.4,393.74,10.5,3.1354942159291497
-1.0269709275282342,0.0,6.2,0.507,6.951,88.5,1.051415853837135,2.0794415416798357,307,17.4,391.7,9.71,3.2846635654062037
-0.8971991416186345,0.0,6.2,0.507,6.164,91.3,1.1144856378244,2.0794415416798357,307,17.4,395.24,21.46,3.077312260546414
-0.47231028753765686,0.0,6.2,0.507,6.879,77.7,1.18543198062067,2.0794415416798357,307,17.4,390.39,9.93,3.3141860046725258
-0.48662093506917325,0.0,6.2,0.507,6.618,80.8,1.18543198062067,2.0794415416798357,307,17.4,396.9,7.6,3.40452517175483
-1.1541355694787643,0.0,6.2,0.504,8.266,78.3,1.0627778356588937,2.0794415416798357,307,17.4,385.05,4.14,3.8022081394209395
-0.6406875665875832,0.0,6.2,0.504,8.725,83.0,1.0627778356588937,2.0794415416798357,307,17.4,382.0,4.63,3.912023005428146
-0.9619682453708077,0.0,6.2,0.504,8.04,86.5,1.1680450633834465,2.0794415416798357,307,17.4,387.38,,3.6270040503958487
-0.8858100246205681,0.0,6.2,0.504,7.163,79.9,1.1680450633834465,2.0794415416798357,307,17.4,372.08,6.36,3.4531571205928664
-1.210024411754371,0.0,6.2,0.504,7.686,17.0,1.216424953515174,2.0794415416798357,307,17.4,377.51,,3.8437441646748516
,0.0,6.2,0.504,6.552,21.4,1.216424953515174,2.0794415416798357,307,17.4,380.34,3.76,3.449987545831587
-0.6217571844732723,0.0,6.2,0.504,5.981,68.1,1.3006002979095281,2.0794415416798357,307,17.4,378.35,11.65,3.190476350346503
-0.7701146217165538,0.0,6.2,0.504,7.412,76.9,1.3006002979095281,2.0794415416798357,307,17.4,376.14,5.25,3.456316680883235
-0.5528810174993176,0.0,6.2,0.507,8.337,73.3,1.3450556131032931,2.0794415416798357,307,17.4,385.91,2.47,3.730501128804756
-1.1042179711889437,0.0,6.2,0.507,8.247,,1.2952475801015233,2.0794415416798357,307,17.4,378.95,3.95,3.877431560658527
-0.8031629596059677,0.0,6.2,0.507,6.726,66.5,1.2952475801015233,2.0794415416798357,307,17.4,360.2,8.05,3.367295829986474
-1.1072999170656752,0.0,6.2,0.507,6.086,61.5,1.2952475801015233,2.0794415416798357,307,17.4,376.75,10.88,3.1780538303479458
,0.0,6.2,0.507,6.631,76.5,1.4226262903672808,2.0794415416798357,307,17.4,388.45,9.54,3.2228678461377385
-0.6697627403272094,0.0,6.2,0.507,7.358,71.6,1.4226262903672808,2.0794415416798357,307,17.4,390.07,4.73,3.449987545831587
-2.4956845229598787,,4.93,0.428,6.481,18.5,1.8229189314771568,1.791759469228055,300,16.6,379.41,6.36,3.1654750481410856
-2.3803304416188986,3.4339872044851463,4.93,0.428,6.606,42.2,1.8229189314771568,1.791759469228055,300,16.6,383.78,7.37,3.1484533605716547
-2.1778043760967396,3.4339872044851463,4.93,0.428,6.897,54.3,1.84626343721586,1.791759469228055,300,16.6,391.25,11.38,3.091042453358316
,3.4339872044851463,4.93,0.428,6.095,65.1,1.84626343721586,1.791759469228055,300,16.6,394.62,12.4,3.0007198150650303
-2.2739976361421332,3.4339872044851463,4.93,0.428,6.358,52.9,1.9509687612461732,1.791759469228055,300,16.6,372.75,11.22,3.100092288878234
-2.0590900454319385,3.4339872044851463,4.93,0.428,6.393,7.8,1.9509687612461732,1.791759469228055,300,16.6,374.71,5.19,3.1654750481410856
-1.5794908360661482,3.1354942159291497,5.86,0.431,5.593,76.5,2.073788091000493,1.9459101490553132,330,19.1,372.49,12.5,2.8678989020441064
-1.6537555930852257,3.1354942159291497,,0.431,5.605,70.2,2.073788091000493,1.9459101490553132,330,19.1,389.13,18.46,2.917770732084279
-1.0793097864136123,3.1354942159291497,5.86,0.431,6.108,34.9,2.0863550879489043,1.9459101490553132,330,19.1,390.18,9.16,3.190476350346503
-1.6267366770124299,3.1354942159291497,5.86,0.431,6.226,79.2,2.0863550879489043,1.9459101490553132,330,19.1,376.14,10.15,3.0204248861443626
-1.805513625460718,3.1354942159291497,5.86,0.431,6.433,49.1,2.0575154113461407,1.9459101490553132,330,19.1,374.71,9.52,3.1986731175506815
-1.6568964635938017,3.1354942159291497,5.86,0.431,6.718,17.5,2.0575154113461407,1.9459101490553132,330,19.1,393.74,6.56,3.265759410767051
-1.9639722918737217,3.1354942159291497,5.86,0.431,6.487,13.0,2.0010339548007137,1.9459101490553132,330,19.1,396.28,5.9,3.1945831322991562
-1.541358791623506,3.1354942159291497,5.86,0.431,6.438,8.9,2.0010339548007137,1.9459101490553132,330,19.1,377.07,3.59,3.2108436531709366
-2.498478329818095,3.1354942159291497,5.86,0.431,6.957,6.8,2.1868038025083023,1.9459101490553132,330,19.1,386.09,3.53,3.3877743613300146
-0.9971212497887038,3.1354942159291497,5.86,0.431,8.259,8.4,2.1868038025083023,1.9459101490553132,330,19.1,396.9,3.54,3.756538102587751
-3.0326037483298958,4.394449154672439,3.64,0.392,6.108,32.0,2.221407575000109,0.0,315,16.4,392.89,6.57,3.086486636822455
-3.338786121540758,4.394449154672439,3.64,0.392,5.876,19.1,2.221407575000109,0.0,315,16.4,395.18,9.25,3.039749158970765
-4.174687314904639,4.51085950651685,3.75,0.394,7.454,34.2,1.84626343721586,1.0986122886681098,244,15.9,386.34,3.11,3.784189633918261
-0.4917749130751902,3.044522437723423,3.97,0.647,8.704,86.9,0.588342066193819,1.6094379124341003,264,13.0,389.7,5.12,3.912023005428146
-0.4102113537333973,3.044522437723423,3.97,0.647,7.333,100.0,0.639007734459297,1.6094379124341003,264,13.0,383.29,7.79,3.58351893845611
-0.4206041269509682,3.044522437723423,3.97,0.647,6.842,100.0,0.6984829201494644,1.6094379124341003,264,13.0,391.93,6.9,3.40452517175483
-0.6159824564648956,3.044522437723423,3.97,0.647,7.203,81.8,0.7476827132079593,1.6094379124341003,264,13.0,392.8,9.59,3.520460802488973
-0.6271347461663738,3.044522437723423,3.97,0.647,7.52,89.4,0.7607123667223692,1.6094379124341003,264,13.0,388.37,7.26,3.763522997109702
,3.044522437723423,3.97,0.647,8.398,91.5,0.8278965811115597,1.6094379124341003,264,13.0,386.86,5.91,3.8877303128591016
-0.1920567907821121,3.044522437723423,3.97,0.647,7.327,94.5,0.7317908041521498,1.6094379124341003,264,13.0,393.42,11.25,3.4339872044851463
-0.5977097361268342,3.044522437723423,3.97,0.647,7.206,91.6,0.6575718150460251,1.6094379124341003,264,13.0,387.89,8.1,3.597312260588446
-0.2723075353455809,3.044522437723423,3.97,0.647,5.56,62.8,0.6863742962725166,1.6094379124341003,264,13.0,392.4,10.45,3.126760535960395
-0.2411802388003612,,3.97,0.647,7.014,84.6,0.7574825560648395,1.6094379124341003,264,13.0,384.07,14.79,3.4242626545931514
-0.5475933479582054,3.044522437723423,3.97,0.575,8.297,67.0,0.8844284787253719,1.6094379124341003,264,13.0,384.54,7.44,3.912023005428146
-0.6152606419028741,3.044522437723423,3.97,0.575,7.47,52.6,1.0550086511859778,1.6094379124341003,264,13.0,390.3,3.16,3.7727609380946383
-2.400749341781277,3.044522437723423,6.96,0.464,5.92,61.5,1.365453695248039,1.0986122886681098,223,18.6,391.34,13.65,3.0301337002713233
-1.2067767316586704,3.044522437723423,6.96,0.464,5.856,42.1,1.4881738249410612,1.0986122886681098,223,18.6,388.65,13.0,3.0492730404820207
-1.8194801618286551,3.044522437723423,6.96,0.464,6.24,16.3,1.4881738249410612,1.0986122886681098,223,18.6,396.9,,3.2268439945173775
-2.166307474701498,3.044522437723423,6.96,0.464,6.538,58.7,1.365453695248039,1.0986122886681098,223,18.6,394.96,7.73,3.1945831322991562
-1.5056185837951033,3.044522437723423,6.96,0.464,7.691,51.8,1.4739617728716505,1.0986122886681098,223,18.6,390.77,6.58,3.5610460826040513
-2.874577151997524,3.713572066704308,6.41,0.447,6.758,32.9,1.405508580043695,1.3862943611198906,254,17.6,396.9,3.53,3.4781584227982836
-2.3429905076290845,3.713572066704308,6.41,0.447,6.854,42.8,1.450981308741706,1.3862943611198906,254,17.6,396.9,2.98,3.4657359027997265
-2.2567516766508735,3.713572066704308,6.41,0.447,7.267,49.0,1.5659456893579664,1.3862943611198906,254,17.6,389.25,6.05,3.502549875922443
-2.7924649522445737,3.713572066704308,6.41,0.447,6.826,27.6,1.581614403699502,1.3862943611198906,254,17.6,393.45,,3.4995332823830174
-2.5284824325048763,3.713572066704308,6.41,0.447,6.482,32.1,1.420768248979967,1.3862943611198906,254,17.6,396.9,7.19,3.370738174177447
-1.558839859671009,3.044522437723423,3.33,0.4429,6.812,32.2,1.41115769084458,1.6094379124341003,216,14.9,396.9,4.85,3.55820113047182
-3.330366200901564,3.044522437723423,3.33,0.4429,7.82,64.5,1.546434212855099,1.6094379124341003,216,14.9,387.31,3.76,3.8155121050473024
-3.295486927240041,3.044522437723423,3.33,0.4429,6.968,,1.6572180428816397,1.6094379124341003,216,14.9,392.23,4.59,3.5667118201397288
-2.7921385814844966,3.044522437723423,3.33,0.4429,7.645,49.7,1.6509444725858264,1.6094379124341003,216,14.9,377.07,3.01,3.828641396489095
-4.199038633336767,4.51085950651685,1.21,0.401,7.923,24.8,1.77240674071224,0.0,198,13.6,395.52,3.16,3.912023005428146
-4.703886158927249,4.51085950651685,2.97,0.4,7.088,20.8,1.9888738484874289,0.0,285,15.3,394.72,7.85,3.4719664525503626
-4.513502997462267,4.02535169073515,2.25,0.389,6.453,31.9,1.9888738484874289,0.0,300,15.3,394.72,8.23,3.091042453358316
-3.929677940666867,4.394449154672439,1.76,0.385,6.23,,2.2070868955155056,0.0,241,18.2,341.6,12.93,3.0007198150650303
-3.25165731439258,3.979681653901961,5.32,0.405,6.209,31.3,1.990227741135006,1.791759469228055,293,16.6,396.9,7.14,3.1441522786722644
,3.979681653901961,5.32,0.405,6.315,45.6,1.990227741135006,1.791759469228055,293,16.6,396.9,7.6,3.104586678466073
-3.1472530811952333,3.979681653901961,5.32,0.405,6.565,22.9,1.990227741135006,1.791759469228055,293,16.6,371.72,9.51,3.2108436531709366
-3.351835952124431,4.394449154672439,4.95,0.411,6.861,27.9,1.6325097000018567,1.3862943611198906,245,19.2,396.9,3.33,3.349904087274605
-2.540081150532656,4.394449154672439,4.95,0.411,7.148,27.7,1.6325097000018567,1.3862943611198906,245,19.2,396.9,3.56,3.6189933266497696
-3.3200783303773633,4.394449154672439,,0.411,6.63,23.4,1.6325097000018567,1.3862943611198906,245,19.2,396.9,4.7,3.32862668882732
-2.4931404547151037,0.0,13.92,0.437,6.127,18.4,1.705238880872887,1.3862943611198906,289,16.0,396.9,8.58,3.173878458937465
-2.501157990374051,0.0,13.92,0.437,6.009,42.3,1.705238880872887,1.3862943611198906,289,16.0,396.9,10.4,3.077312260546414
-2.045465326124905,0.0,13.92,0.437,6.678,31.1,1.785137592919168,1.3862943611198906,289,16.0,396.9,6.27,3.353406717825807
-2.9239699073271,0.0,13.92,0.437,6.549,51.0,1.785137592919168,1.3862943611198906,289,16.0,392.85,7.39,3.299533727885655
-1.9587826452779884,0.0,,0.437,5.79,58.0,1.843719208158766,1.3862943611198906,289,16.0,396.9,15.84,3.0106208860477417
-2.73861250668485,4.2626798770413155,2.24,0.4,6.345,20.1,2.057681499897272,1.6094379124341003,358,14.8,368.24,4.97,3.1135153092103742
-2.8893922377826646,4.2626798770413155,2.24,0.4,7.041,10.0,2.057681499897272,1.6094379124341003,358,14.8,371.58,4.74,3.367295829986474
-3.119709453373702,4.2626798770413155,2.24,0.4,6.871,47.4,2.057681499897272,1.6094379124341003,358,14.8,390.86,6.07,3.2108436531709366
-3.341891275764748,,6.09,0.433,6.59,40.4,1.7032378615047714,1.9459101490553132,329,16.1,395.75,9.5,3.091042453358316
,3.5553480614894135,6.09,0.433,6.495,18.4,1.7032378615047714,1.9459101490553132,329,16.1,383.61,8.67,3.2733640101522705
-2.3025850929940455,,6.09,0.433,6.982,17.7,1.7032378615047714,1.9459101490553132,329,16.1,390.43,4.86,3.4995332823830174
-2.8976985332826257,3.5263605246161616,2.18,0.472,7.236,41.1,1.3917792913504603,1.9459101490553132,222,18.4,393.68,6.93,3.586292865338835
-2.904247583431813,3.5263605246161616,,0.472,6.616,58.1,1.2149127443642704,1.9459101490553132,222,18.4,393.36,8.93,3.3463891451671604
-2.5898672454244998,3.5263605246161616,2.18,0.472,7.42,71.9,1.1311440136705944,1.9459101490553132,222,18.4,396.9,6.47,3.5085558999826545
-3.0094256006859936,3.5263605246161616,2.18,0.472,6.849,70.3,1.1577298931511986,1.9459101490553132,222,18.4,396.9,7.53,3.339321977944068
-0.707286673713667,0.0,9.9,0.544,6.635,82.5,1.1992114872242254,1.3862943611198906,304,18.4,396.9,4.54,3.126760535960395
-1.051537881282181,0.0,9.9,0.544,5.972,76.7,1.1322082380966252,1.3862943611198906,304,18.4,396.24,9.97,3.0106208860477417
0.9690653285914825,0.0,9.9,0.544,4.973,37.8,0.9240207779360656,1.3862943611198906,304,18.4,350.45,12.64,2.7788192719904172
-0.23520348080665035,0.0,9.9,0.544,6.122,52.8,0.9708925470657387,1.3862943611198906,304,18.4,396.9,5.98,3.095577608523707
-1.3405946818689003,0.0,9.9,0.544,6.023,90.4,1.0416891412684888,1.3862943611198906,304,18.4,396.3,11.72,2.9652730660692823
-1.3116322568114682,0.0,9.9,0.544,6.266,82.8,1.1825857224442882,1.3862943611198906,304,18.4,393.39,7.9,3.0726933146901194
-0.9964167763534401,0.0,9.9,0.544,6.567,87.3,1.2815725303483325,1.3862943611198906,304,18.4,395.69,9.28,3.169685580677429
-1.3721547975661714,0.0,9.9,0.544,5.705,77.7,1.3724489542978375,1.3862943611198906,304,18.4,396.42,11.5,2.785011242238338
-1.1448551998428471,0.0,9.9,0.544,5.914,,1.3859442998555953,1.3862943611198906,304,18.4,390.7,18.33,2.8791984572980396
-1.4055995121778961,0.0,9.9,0.544,5.782,71.7,1.394188123238991,1.3862943611198906,304,18.4,396.9,15.94,2.9856819377004897
-0.911253440356887,0.0,9.9,0.544,6.382,67.2,1.2620058355765456,1.3862943611198906,304,18.4,395.21,10.36,3.139832617527748
-0.7434514904696932,0.0,9.9,0.544,6.113,58.8,1.3867692483431018,1.3862943611198906,304,18.4,396.23,12.73,3.044522437723423
-1.7861750909341545,0.0,7.38,0.493,6.426,52.3,1.5130151138990473,1.6094379124341003,287,19.6,396.9,7.2,3.169685580677429
-1.7060038804104314,0.0,7.38,0.493,6.376,54.3,1.5130151138990473,1.6094379124341003,287,19.6,396.9,6.87,3.139832617527748
-1.0465702746410745,0.0,7.38,0.493,6.041,49.9,1.5520418232927913,1.6094379124341003,287,19.6,396.9,7.7,3.0155349008501706
-1.259062770643896,0.0,7.38,0.493,5.708,74.3,1.5520418232927913,1.6094379124341003,287,19.6,391.13,11.74,2.917770732084279
-1.0756089069031467,0.0,7.38,0.493,6.415,40.1,1.5520418232927913,1.6094379124341003,287,19.6,396.9,6.12,3.2188758248682006
-1.6509893395923356,0.0,7.38,0.493,6.431,14.7,1.689339071628585,1.6094379124341003,287,19.6,393.68,5.08,3.202746442938317
-1.1924725201557291,0.0,7.38,0.493,6.312,28.9,1.689339071628585,1.6094379124341003,287,19.6,396.9,6.15,3.1354942159291497
-1.4228338719108389,0.0,7.38,0.493,6.083,43.7,1.689339071628585,1.6094379124341003,287,19.6,396.9,12.79,3.100092288878234
-2.715528090958169,0.0,3.24,0.46,5.868,25.8,1.6514623836893323,1.3862943611198906,430,16.9,382.44,9.97,2.9601050959108397
-2.6994869704417224,0.0,3.24,0.46,6.333,17.2,1.6514623836893323,1.3862943611198906,430,16.9,375.21,7.34,3.1179499062782403
-3.091362504569241,,3.24,0.46,6.144,32.2,1.7704677337604326,1.3862943611198906,430,16.9,368.57,9.09,2.9856819377004897
-2.991142821220184,3.58351893845611,6.06,0.4379,5.706,28.4,1.893217379618614,0.0,304,16.9,394.02,12.43,2.8390784635086144
-3.362168994694677,,6.06,0.4379,6.031,23.3,1.893217379618614,0.0,304,16.9,362.25,7.83,2.9652730660692823
-2.979268547523326,0.0,5.19,0.515,6.316,38.1,1.8653816090986688,1.6094379124341003,224,20.2,389.71,5.68,3.100092288878234
-3.2866194769547206,0.0,5.19,0.515,6.31,38.5,1.8653816090986688,1.6094379124341003,224,20.2,389.4,6.75,3.0301337002713233
-3.228673667348312,0.0,5.19,0.515,6.037,34.5,1.7893064630669882,1.6094379124341003,224,20.2,396.9,8.01,3.0492730404820207
-3.3734849430956197,0.0,5.19,0.515,5.869,46.3,1.6546215810094207,1.6094379124341003,224,20.2,396.9,9.8,2.970414465569701
-3.4929837772928636,0.0,5.19,0.515,5.895,59.6,1.7254415881904066,1.6094379124341003,224,20.2,394.81,10.56,2.917770732084279
-3.409431186589259,0.0,5.19,0.515,6.059,37.3,1.571154360008492,1.6094379124341003,224,20.2,396.14,8.51,3.0252910757955354
-2.900967697109568,0.0,5.19,0.515,5.985,45.4,1.571154360008492,1.6094379124341003,224,20.2,396.9,9.74,2.9444389791664403
-2.78855551576186,0.0,5.19,0.515,5.968,58.5,1.571154360008492,1.6094379124341003,224,20.2,396.9,9.29,2.928523523860541
-4.342036986457723,3.58351893845611,1.52,0.442,7.241,49.3,1.951309830216467,0.0,284,15.5,394.74,5.49,3.487375077903208
-3.6896797742847056,0.0,1.89,0.518,6.54,59.7,1.8352818145171772,0.0,422,15.9,389.96,8.65,2.803360380906535
-3.671825699548109,4.02535169073515,3.78,0.484,6.696,56.4,1.7460819557314025,1.6094379124341003,370,17.6,396.9,7.18,3.173878458937465
-3.4903565179819735,4.02535169073515,,0.484,6.874,28.1,1.8664648819262473,1.6094379124341003,370,17.6,387.97,4.61,3.4404180948154366
-3.4695832945286202,0.0,4.39,0.442,6.014,48.5,2.0811400983154176,1.0986122886681098,352,18.8,385.64,10.53,2.8622008809294686
-2.786768785813615,0.0,4.39,0.442,5.898,52.3,2.0811400983154176,1.0986122886681098,352,18.8,364.61,12.67,2.8449093838194073
-3.979231755121596,4.454347296253507,4.15,0.429,6.516,27.7,2.1442105050135645,1.3862943611198906,351,17.9,392.43,6.36,3.139832617527748
-4.199038633336767,4.394449154672439,2.01,0.435,6.635,29.7,2.121542717698471,1.3862943611198906,280,17.0,390.94,5.99,3.1986731175506815
-3.540804336048573,3.713572066704308,1.25,0.429,6.939,34.5,2.1738535910129793,0.0,335,19.7,389.85,,3.2809112157876537
-2.7788482724109254,,1.25,0.429,6.49,44.4,2.1738535910129793,0.0,335,19.7,396.9,,3.131136910560194
-2.5319982573218507,4.110873864173311,1.69,0.411,6.579,35.9,2.371205895271833,1.3862943611198906,411,18.3,370.78,5.49,3.1822118404966093
-2.6249966459669243,4.110873864173311,1.69,0.411,5.884,18.5,2.371205895271833,1.3862943611198906,411,18.3,392.33,7.79,2.9231615807191558
-4.069261781854637,4.51085950651685,2.02,0.41,6.728,36.1,2.495393140512136,1.6094379124341003,187,17.0,384.46,4.5,3.40452517175483
-3.146322632186492,4.394449154672439,1.91,0.413,5.663,21.9,2.359504033718152,1.3862943611198906,334,22.0,382.8,8.05,2.9014215940827497
-2.2387655802810915,,1.91,0.413,5.936,,2.359504033718152,1.3862943611198906,334,22.0,376.04,5.57,3.0252910757955354
2.195329449381762,0.0,18.1,0.77,6.212,97.4,0.7524532864573528,3.1780538303479458,666,20.2,377.73,17.6,2.8791984572980396
1.347995223185688,0.0,18.1,0.77,6.395,91.0,0.9183685716691207,3.1780538303479458,666,20.2,391.34,13.27,3.077312260546414
1.6489989522850654,0.0,18.1,0.77,6.127,83.4,1.0016240350184296,3.1780538303479458,666,20.2,395.43,11.48,3.122364924487357
1.4495766247463249,0.0,,0.77,6.112,81.3,0.9199241231065759,3.1780538303479458,666,20.2,390.74,12.67,3.1179499062782403
1.5133498301420758,0.0,18.1,0.77,6.398,88.0,0.9235443605854632,3.1780538303479458,666,20.2,374.56,7.79,3.2188758248682006
1.3446491111511765,0.0,18.1,0.77,6.251,91.1,0.8309506847071397,3.1780538303479458,666,20.2,350.65,14.19,2.990719731730447
1.302428939510188,0.0,18.1,0.77,5.362,96.2,0.7436501627330522,3.1780538303479458,666,20.2,380.79,10.19,3.0349529867072724
1.4404013184427842,0.0,18.1,0.77,5.803,89.0,0.6443245158623769,3.1780538303479458,666,20.2,353.04,14.64,2.8213788864092133
1.2453872633044583,0.0,18.1,0.718,8.78,82.9,0.6443245158623769,3.1780538303479458,666,20.2,354.55,5.29,3.086486636822455
1.5164165113762587,0.0,18.1,0.718,3.561,87.9,0.478219784017076,3.1780538303479458,666,20.2,354.7,7.12,3.3141860046725258
1.3075081553837307,0.0,18.1,0.718,4.963,91.4,0.5609292107322363,3.1780538303479458,666,20.2,316.03,14.0,3.086486636822455
2.6043327792705377,0.0,18.1,0.631,3.863,100.0,0.4125069228972105,3.1780538303479458,666,20.2,131.42,13.33,3.139832617527748
1.5888718738136338,0.0,18.1,0.631,4.97,,0.2870568770578626,3.1780538303479458,666,20.2,375.52,3.26,3.912023005428146
,0.0,18.1,0.631,6.683,96.8,0.30505528050912584,3.1780538303479458,666,20.2,375.33,3.73,3.912023005428146
1.8777475450458079,0.0,18.1,0.631,7.016,97.5,0.18431955945662762,3.1780538303479458,666,20.2,392.05,2.96,3.912023005428146
2.2227082049050155,0.0,18.1,0.631,6.216,100.0,0.15623422203063622,3.1780538303479458,666,20.2,366.15,9.53,3.912023005428146
2.1123019265293976,0.0,18.1,0.668,5.875,89.6,0.12186358775684052,3.1780538303479458,666,20.2,347.88,8.88,3.912023005428146
2.4076745719247366,0.0,18.1,0.668,4.906,100.0,0.16058706464794842,3.1780538303479458,666,20.2,396.9,34.77,2.624668592163159
2.9176734300532927,0.0,18.1,0.668,4.138,100.0,0.128393214768399,3.1780538303479458,666,20.2,396.9,37.97,2.624668592163159
2.9759937442034943,,18.1,0.671,7.313,97.9,0.274824770449225,3.1780538303479458,666,20.2,396.9,13.44,2.70805020110221
2.727068206937972,0.0,18.1,0.671,6.649,93.3,0.29631966084736644,3.1780538303479458,666,20.2,363.02,,2.631888840136646
2.284776456376443,0.0,18.1,0.671,6.794,98.8,0.30601302913650447,3.1780538303479458,666,20.2,396.9,21.24,2.5877640352277083
3.163287002104859,0.0,18.1,0.671,6.38,96.2,0.3264940482371704,3.1780538303479458,666,20.2,396.9,23.69,2.5726122302071057
2.882938645078548,0.0,18.1,0.671,6.223,100.0,0.3264940482371704,3.1780538303479458,666,20.2,393.74,21.78,2.322387720290225
4.488368918239841,0.0,18.1,0.671,6.968,91.9,0.3481890402884343,3.1780538303479458,666,20.2,396.9,17.21,2.341805806147327
2.764707748788905,0.0,18.1,0.671,6.545,99.1,0.41818388051593913,3.1780538303479458,666,20.2,396.9,21.08,2.388762789235098
2.2177916182761837,0.0,18.1,0.7,5.536,100.0,0.45767797955509865,3.1780538303479458,666,20.2,396.9,23.6,2.424802725718295
2.078501099602779,0.0,18.1,0.7,5.52,100.0,0.4272918293342714,3.1780538303479458,666,20.2,396.9,,2.509599262378372
2.9999682889589208,0.0,18.1,0.7,4.368,91.2,0.3642958310700935,3.1780538303479458,666,20.2,285.83,30.63,2.174751721484161
2.8220810208075364,0.0,18.1,0.7,5.277,98.1,0.3549434457605842,3.1780538303479458,666,20.2,396.9,30.81,1.9740810260220096
3.194329001650042,0.0,18.1,0.7,4.652,100.0,0.3833558225200634,3.1780538303479458,666,20.2,396.9,28.28,2.3513752571634776
3.1178215794606357,0.0,18.1,0.7,5.0,89.5,0.41765714887352634,3.1780538303479458,666,20.2,396.9,31.99,2.0014800002101243
2.6626134080936033,0.0,18.1,0.7,4.88,100.0,0.4634195013687203,3.1780538303479458,666,20.2,372.92,30.62,2.322387720290225
2.09823140139806,0.0,18.1,0.7,5.39,98.9,0.547022539077809,3.1780538303479458,666,20.2,396.9,20.85,2.4423470353692043
1.9404883346900383,0.0,18.1,0.7,5.713,97.0,0.6557048850840753,3.1780538303479458,666,20.2,394.43,17.11,2.714694743820879
1.6663946392699258,0.0,18.1,0.7,6.051,82.5,0.7737128283995126,3.1780538303479458,666,20.2,378.38,18.76,3.1441522786722644
2.449098108549207,0.0,18.1,0.7,5.036,97.0,0.5709795465857378,3.1780538303479458,666,20.2,396.9,25.68,2.272125885509337
,0.0,18.1,0.693,6.193,92.6,0.582885786302408,3.1780538303479458,666,20.2,396.9,15.17,2.624668592163159
,0.0,18.1,0.693,5.887,94.7,0.5777924441969166,3.1780538303479458,666,20.2,396.9,16.35,2.5416019934645457
2.165246462026569,0.0,18.1,0.693,6.471,98.8,0.5456327652713961,3.1780538303479458,666,20.2,391.98,17.12,2.5726122302071057
1.7702038062623382,0.0,18.1,0.693,6.405,96.0,0.516887215144586,3.1780538303479458,666,20.2,396.9,19.37,2.5257286443082556
2.037579944459908,0.0,18.1,0.693,5.747,98.9,0.4906637319420382,3.1780538303479458,666,20.2,393.1,19.92,2.1400661634962708
3.646801462826533,0.0,18.1,0.693,5.453,100.0,0.3985076275406656,3.1780538303479458,666,20.2,396.9,30.59,1.6094379124341003
2.2942050785484422,0.0,18.1,0.693,5.852,77.8,0.4057317392255952,3.1780538303479458,666,20.2,338.16,29.97,1.840549633397487
3.2207181267873874,0.0,18.1,0.693,5.987,100.0,0.4629790143087711,3.1780538303479458,666,20.2,396.9,26.77,1.7227665977411035
2.655788016439399,0.0,18.1,0.693,6.343,100.0,0.45368368037863877,3.1780538303479458,666,20.2,396.9,20.32,1.9740810260220096
2.2613161235954014,0.0,18.1,0.693,6.404,100.0,0.49408629976169266,3.1780538303479458,666,20.2,376.11,20.31,2.4932054526026954
3.2109121992086997,0.0,18.1,0.693,5.349,96.0,0.5322739549718603,3.1780538303479458,666,20.2,396.9,19.77,2.1162555148025524
3.726396794273884,0.0,18.1,0.693,5.531,85.4,0.47461796679648094,3.1780538303479458,666,20.2,329.46,27.38,2.1400661634962708
4.21834232049674,0.0,18.1,0.693,5.683,100.0,0.3544524760856333,3.1780538303479458,666,20.2,384.97,22.98,1.6094379124341003
3.030916002888473,0.0,,0.659,4.138,100.0,0.16390297126993653,3.1780538303479458,666,20.2,370.22,23.34,2.4765384001174837
2.4808233243503643,0.0,18.1,0.659,5.608,100.0,0.25091434825956627,3.1780538303479458,666,20.2,332.09,,3.32862668882732
2.0020055377667436,0.0,18.1,0.597,5.617,97.9,0.3747996937972793,3.1780538303479458,666,20.2,314.64,26.4,2.8449093838194073
,0.0,18.1,0.597,6.852,100.0,0.3821964811688101,3.1780538303479458,666,20.2,179.36,19.78,3.3141860046725258
3.9344848389972373,0.0,18.1,0.597,5.757,100.0,0.3457151037023904,3.1780538303479458,666,20.2,2.6,10.11,2.70805020110221
2.642672216602734,0.0,18.1,0.597,6.657,100.0,0.4236324120636134,3.1780538303479458,666,20.2,35.05,21.22,2.8449093838194073
2.9344418051108834,0.0,18.1,0.597,4.628,100.0,0.4407678998105515,3.1780538303479458,666,20.2,28.79,34.37,2.884800712846709
3.35535586595285,0.0,18.1,0.597,5.155,100.0,0.4633565865239419,3.1780538303479458,666,20.2,210.97,20.08,2.791165107812717
3.8231065421862525,0.0,18.1,0.693,4.519,100.0,0.5057326766999812,3.1780538303479458,666,20.2,88.27,36.98,1.9459101490553132
2.895060747382296,0.0,18.1,0.679,6.434,100.0,0.6068809804025369,3.1780538303479458,666,20.2,27.25,29.05,1.9740810260220096
2.3827077974677526,0.0,18.1,0.679,6.782,90.8,0.5985617380700774,3.1780538303479458,666,20.2,21.57,25.79,2.0149030205422647
3.2558093089214903,0.0,18.1,0.679,5.304,89.1,0.49925898739452523,3.1780538303479458,666,20.2,127.36,26.64,2.341805806147327
4.297749244207548,0.0,18.1,0.679,5.957,100.0,0.5892300671401723,3.1780538303479458,666,20.2,16.45,20.62,2.174751721484161
2.469141361459595,0.0,18.1,0.718,6.824,76.5,0.5844477636366044,3.1780538303479458,666,20.2,48.45,22.74,2.128231705849268
2.4058093284292976,0.0,18.1,0.718,6.411,100.0,0.6199849149309613,3.1780538303479458,666,20.2,318.75,15.02,2.8154087194227095
1.9491320958628744,0.0,18.1,0.718,6.006,95.3,0.6283953033302484,3.1780538303479458,666,20.2,319.98,15.7,2.653241964607215
2.488915271185359,0.0,18.1,0.614,5.648,87.6,0.6684445679195735,3.1780538303479458,666,20.2,291.55,14.1,3.0349529867072724
1.9530871895177742,0.0,18.1,0.614,6.103,,0.7039882037378201,3.1780538303479458,666,20.2,2.52,23.29,2.5952547069568657
2.173855865779787,0.0,18.1,0.584,5.565,70.6,0.7244035702104994,3.1780538303479458,666,20.2,3.65,17.16,2.4595888418037104
2.7638191315385248,0.0,18.1,0.679,5.896,95.4,0.6468937960424833,3.1780538303479458,666,20.2,7.68,24.39,2.1162555148025524
,0.0,18.1,0.584,5.837,59.7,0.6919464599834264,3.1780538303479458,666,20.2,24.65,15.69,2.322387720290225
3.6286489733637057,,18.1,0.679,6.202,78.7,0.6221344133135258,3.1780538303479458,666,20.2,18.82,14.52,2.388762789235098
1.9970254990402692,0.0,18.1,0.679,6.193,78.1,0.6604173559370264,3.1780538303479458,666,20.2,96.73,21.52,2.3978952727983707
2.2341874014951975,0.0,18.1,0.679,6.38,,0.677119419482748,3.1780538303479458,666,20.2,60.72,24.08,2.2512917986064953
,0.0,18.1,0.584,6.348,86.1,0.7191559997409962,3.1780538303479458,666,20.2,83.45,17.64,2.6741486494265287
2.3087957667707584,0.0,18.1,0.584,6.833,94.3,0.7363024508738729,3.1780538303479458,666,20.2,81.33,19.69,2.6461747973841225
1.8631572244404297,0.0,18.1,0.584,6.425,74.8,0.7886391620191661,3.1780538303479458,666,20.2,97.95,12.03,2.7788192719904172
1.719380514282737,0.0,18.1,0.713,6.436,87.9,0.8397552001960356,3.1780538303479458,666,20.2,100.19,16.22,2.6602595372658615
2.6328524045363078,0.0,18.1,0.713,6.208,95.0,0.7984976961677712,3.1780538303479458,666,20.2,100.63,15.17,2.4595888418037104
2.412371798604752,0.0,18.1,0.74,6.629,94.6,0.7536306159394559,3.1780538303479458,666,20.2,109.85,23.27,2.5952547069568657
2.6686716088200084,0.0,18.1,0.74,6.461,93.3,0.6944463362915655,3.1780538303479458,666,20.2,27.49,18.05,2.2617630984737906
2.7197943017259636,0.0,18.1,0.74,6.152,100.0,0.649299780779669,3.1780538303479458,666,20.2,9.32,26.45,2.163323025660538
2.6157960136595606,0.0,18.1,0.74,5.935,87.9,0.5991661170890513,3.1780538303479458,666,20.2,68.95,34.02,2.128231705849268
2.2397123836213173,0.0,18.1,0.74,5.627,93.9,0.5972968549031111,3.1780538303479458,666,20.2,396.9,22.88,2.5494451709255714
3.093362487269874,0.0,18.1,0.74,5.818,92.4,0.6239042778177846,3.1780538303479458,666,20.2,391.45,,2.3513752571634776
2.274615567183416,0.0,18.1,0.74,6.406,97.2,0.7251786513906091,3.1780538303479458,666,20.2,385.96,,2.8390784635086144
1.7345487010764669,0.0,18.1,0.74,6.219,100.0,0.6955443051596668,3.1780538303479458,666,20.2,395.69,16.59,2.91235066461494
2.2992334826176704,0.0,18.1,0.74,6.485,100.0,0.6822884372250694,3.1780538303479458,666,20.2,386.73,18.85,2.7343675094195836
2.5496248422837064,0.0,18.1,0.74,5.854,96.6,0.6395354111112962,3.1780538303479458,666,20.2,240.52,23.79,2.379546134130174
2.3676047483679747,0.0,18.1,0.74,6.459,94.8,0.6870788051583386,3.1780538303479458,666,20.2,43.06,23.98,2.468099531471619
1.8386541873804634,0.0,18.1,0.74,6.341,96.4,0.7285143243972366,3.1780538303479458,666,20.2,318.01,17.79,2.7013612129514133
2.2950417131089202,0.0,18.1,0.74,6.251,96.6,0.7875478559814296,3.1780538303479458,666,20.2,388.52,16.44,2.533696813957432
2.233137475268552,0.0,18.1,0.713,6.185,98.7,0.8160725273972436,3.1780538303479458,666,20.2,396.9,18.13,2.6461747973841225
2.018365020897442,0.0,18.1,0.713,6.417,98.3,0.7816158285475535,3.1780538303479458,666,20.2,304.21,19.31,2.5649493574615367
1.9047488112503523,0.0,18.1,0.713,6.749,92.6,0.8431177071362403,3.1780538303479458,666,20.2,0.32,17.44,2.5952547069568657
1.6939885977369975,0.0,18.1,0.713,6.655,,0.85662564955242,3.1780538303479458,666,20.2,355.29,17.73,2.7212954278522306
1.6273112288259213,0.0,18.1,0.713,6.297,91.8,0.8621301729147193,3.1780538303479458,666,20.2,385.09,17.27,2.7788192719904172
2.1099816583913045,0.0,,0.713,7.393,99.3,0.897189458571754,3.1780538303479458,666,20.2,375.87,16.74,2.8791984572980396
2.2527255071970935,0.0,18.1,0.713,6.728,94.1,0.9147295138072007,3.1780538303479458,666,20.2,6.68,18.71,2.7013612129514133
1.5586434409821213,0.0,18.1,0.713,6.525,86.5,0.890275244670873,3.1780538303479458,666,20.2,50.92,18.13,2.6461747973841225
1.540908504959681,0.0,18.1,0.713,5.976,87.9,0.9480219300356085,3.1780538303479458,666,20.2,10.48,19.01,2.5416019934645457
2.104204883476155,0.0,18.1,0.713,5.936,80.3,1.0221631165047034,3.1780538303479458,666,20.2,3.5,16.94,2.6026896854443837
2.047980543910968,,,0.713,6.301,83.7,1.0235654143451984,3.1780538303479458,666,20.2,272.21,16.23,2.7013612129514133
1.9170946562051687,0.0,18.1,0.713,6.081,84.4,0.9997123400132274,3.1780538303479458,666,20.2,396.9,14.7,2.995732273553991
,0.0,18.1,0.713,6.701,90.0,0.9545494439912454,3.1780538303479458,666,20.2,255.23,16.42,2.797281334830153
1.3064689215086058,0.0,18.1,0.713,6.376,88.4,0.9427768571099817,3.1780538303479458,666,20.2,391.43,14.65,2.8735646395797834
1.8953564307380073,0.0,18.1,0.713,6.317,83.0,1.0059120333791893,3.1780538303479458,666,20.2,396.9,13.99,2.970414465569701
1.7614978367258425,0.0,18.1,0.713,6.513,89.9,1.0301906825494505,3.1780538303479458,666,20.2,393.82,10.29,3.005682604407159
2.059152095906768,0.0,18.1,0.655,6.209,65.4,1.086337257792497,3.1780538303479458,666,20.2,396.9,13.22,3.0633909220278057
,0.0,18.1,0.655,5.759,48.2,1.1205368460839014,3.1780538303479458,666,20.2,334.4,14.13,2.990719731730447
1.3283950846737085,0.0,,0.655,5.952,84.7,1.0548345413222142,3.1780538303479458,666,20.2,22.01,17.15,2.9444389791664403
1.486655400195455,0.0,18.1,0.584,6.003,94.5,0.9322821842922008,3.1780538303479458,666,20.2,331.29,21.32,2.9496883350525844
2.745712007483798,0.0,18.1,0.58,5.926,71.0,1.0676031017937646,3.1780538303479458,666,20.2,368.74,18.13,2.9496883350525844
2.570709658105296,0.0,18.1,0.58,5.713,56.7,1.0380480816933282,3.1780538303479458,666,20.2,396.9,14.76,3.0007198150650303
1.4698976454871284,0.0,18.1,0.58,6.167,84.0,1.1096841026351594,3.1780538303479458,666,20.2,396.9,16.29,2.990719731730447
1.3958510501498456,0.0,18.1,0.532,6.229,90.7,1.1311762795413725,3.1780538303479458,666,20.2,395.33,12.87,2.975529566236472
1.272195779518779,0.0,18.1,0.58,6.437,75.0,1.0635031115545417,3.1780538303479458,666,20.2,393.37,14.36,3.1441522786722644
1.5361981786369632,0.0,18.1,0.614,6.98,67.6,0.929364891361427,3.1780538303479458,666,20.2,374.68,,3.3945083935113587
2.0863910875491882,0.0,18.1,0.584,5.427,95.4,0.8878089494385047,3.1780538303479458,666,20.2,352.58,18.14,2.624668592163159
1.855222412138693,0.0,18.1,0.584,6.162,97.4,0.7911809208313108,3.1780538303479458,666,20.2,302.76,24.1,2.5877640352277083
1.5833834229101753,0.0,18.1,0.614,6.484,93.6,0.8352108198234132,3.1780538303479458,666,20.2,396.21,18.68,2.8154087194227095
2.7096089855662036,0.0,18.1,0.614,5.304,97.3,0.7422706225194976,3.1780538303479458,666,20.2,349.48,24.91,2.4849066497880004
2.3256177921046186,0.0,18.1,0.614,6.185,96.7,0.7749575557575112,3.1780538303479458,666,20.2,379.7,18.03,2.681021528714291
2.6626134080936033,0.0,18.1,0.614,6.229,88.0,0.6684445679195735,3.1780538303479458,666,20.2,383.32,13.11,3.0633909220278057
1.7619890279258779,0.0,18.1,0.532,6.242,64.7,1.2308678677885803,3.1780538303479458,666,20.2,396.9,10.74,3.1354942159291497
1.7419002338055392,0.0,18.1,0.532,6.75,74.9,1.2034826842367052,3.1780538303479458,666,20.2,393.07,7.74,3.1654750481410856
1.7459179535187497,0.0,18.1,0.532,7.061,77.0,1.226888228896677,3.1780538303479458,666,20.2,395.28,7.01,3.2188758248682006
1.036162251794904,0.0,18.1,0.532,5.762,40.3,1.410572253579414,3.1780538303479458,666,20.2,392.92,10.42,3.0819099697950434
0.8664994667703585,0.0,18.1,0.583,5.871,41.9,1.3147983594148207,3.1780538303479458,666,20.2,370.73,13.34,3.0252910757955354
1.3011911623995625,0.0,18.1,0.583,6.312,51.9,1.384217205324691,3.1780538303479458,666,20.2,388.62,10.58,3.054001181677967
1.7390177579699948,0.0,18.1,0.583,6.114,79.8,1.2657920064647443,3.1780538303479458,666,20.2,392.68,14.98,2.9496883350525844
1.576019692210814,0.0,18.1,0.583,5.905,53.2,1.1481323451315006,3.1780538303479458,666,20.2,388.22,11.45,3.0252910757955354
-1.8914030245566522,0.0,27.74,0.609,5.454,92.7,0.5993308843556605,1.3862943611198906,711,20.1,395.09,18.06,2.7212954278522306
-1.6962493094210638,0.0,27.74,0.609,5.414,98.3,0.5626967511758802,1.3862943611198906,711,20.1,344.05,23.97,1.9459101490553132
-1.5728167289784551,0.0,27.74,0.609,5.093,98.0,0.6002640530798894,1.3862943611198906,711,20.1,318.43,29.68,2.0918640616783932
-2.2467720281748327,0.0,27.74,0.609,5.983,98.8,0.624921871564379,1.3862943611198906,711,20.1,390.11,18.07,2.6100697927420065
-2.195346342324447,0.0,27.74,0.609,5.983,83.5,0.7466405529999453,1.3862943611198906,711,20.1,396.9,13.35,3.0007198150650303
-1.7526733805208532,0.0,9.69,0.585,5.707,54.0,0.8678145184170403,1.791759469228055,391,19.2,396.9,12.01,3.0819099697950434
-1.2745025705164632,0.0,9.69,0.585,5.926,42.6,0.8678145184170403,1.791759469228055,391,19.2,396.9,13.59,3.1986731175506815
-1.7204253406237284,0.0,9.69,0.585,5.67,28.8,1.0291192921394758,1.791759469228055,391,19.2,393.29,17.6,3.139832617527748
-1.2392546184705757,0.0,9.69,0.585,5.39,72.9,1.0291192921394758,1.791759469228055,391,19.2,396.9,21.14,2.9806186357439426
-1.3153513923093252,0.0,9.69,0.585,5.794,70.6,1.0621903220341422,1.791759469228055,391,19.2,396.9,14.1,2.9069010598473755
-1.4307897610064546,0.0,9.69,0.585,6.019,65.3,0.8792532337715917,1.791759469228055,391,19.2,396.9,12.92,3.054001181677967
-1.726927241226568,0.0,9.69,0.585,5.569,73.5,0.8754270698191536,1.791759469228055,391,19.2,395.77,15.1,2.8622008809294686
-1.4944142358653185,0.0,9.69,0.585,6.027,79.7,0.9155704725496719,1.791759469228055,391,19.2,396.9,14.33,2.8213788864092133
-2.7705108824448157,0.0,11.93,0.573,6.593,69.1,0.9076938846486369,0.0,273,21.0,391.99,,3.109060958860994
-3.09511071753427,0.0,11.93,0.573,6.12,76.7,0.8274595181675394,0.0,273,21.0,396.9,9.08,3.0252910757955354
-2.800823601254565,0.0,11.93,0.573,6.976,91.0,0.7735744296725598,0.0,273,21.0,396.9,5.64,3.173878458937465
-2.211009149506836,0.0,11.93,0.573,6.794,89.3,0.8708330089493718,0.0,273,21.0,393.45,6.48,3.091042453358316
-3.04892210206811,0.0,11.93,0.573,6.03,,0.9182887345368281,0.0,273,21.0,396.9,7.88,2.4765384001174837
